Pop_Condition,Sample_Condition,NFac,SampleSize,NMissing,Pop12,Full12,SFA12,SFB12,SFC12,MI12
P1,S1,2,100,1,0,-0.169934096241234,-0.130604159495062,-0.387005914872289,-0.128014167805093,-0.170768195174351
P1,S2,2,200,1,0,-0.00867812771733632,-0.0325209157656837,0.0255285038927392,-0.0102618047221145,-0.0166776238469297
P1,S3,2,300,1,0,0.030038970509185,0.0382705088826965,0.0493237393352456,0.0181759026411903,0.0369164479483388
P1,S4,2,400,1,0,0.00281271949940868,0.0179091098555873,-0.00679993290435137,0.00424620462443254,0.000966479222228811
P1,S5,2,500,1,0,0.0120496105888761,0.0166698338736084,0.0472314589278309,0.0153931501447907,0.00898203025820195
P1,S6,2,600,1,0,-0.0425195781640157,-0.0544482020800566,-0.0657685968006435,-0.0453750731247544,-0.0645528201006458
P1,S7,2,700,1,0,0.0098511476134877,-0.00331727452806058,0.0168953318160986,0.0200500134750145,0.0193343221433742
P1,S8,2,800,1,0,-0.0219344274809269,-0.0257074341371877,-0.00516426879535797,-0.0185049241045638,-0.0227160557096729
P1,S9,2,900,1,0,0.034433176858122,0.0213048309527495,0.0291847299576294,0.0286828144300968,0.0324169907392306
P1,S10,2,1000,1,0,0.00831694753802016,0.00612017974457556,-0.00834210047898006,0.0132100162834609,0.00596962871945581
P1,S11,2,100,2,0,-0.0957282173812755,-0.0969540096544804,0.0380220455885455,-0.101351947537269,-0.0659237975698532
P1,S12,2,200,2,0,0.0417677706060748,0.0594405228801083,0.0227584456838933,0.0381731726393828,0.0652439274601312
P1,S13,2,300,2,0,0.0670412876015351,0.0590610153905196,0.0391071169549483,0.046925186467228,0.0491874190294878
P1,S14,2,400,2,0,-0.020320133549521,-0.0164264661550575,0.0264098337781115,-0.00630062539618833,-0.0107575619218962
P1,S15,2,500,2,0,-0.0258008411905035,-0.00724588162951875,-0.0134200030247024,-0.0143234871609698,-0.0193227970745554
P1,S16,2,600,2,0,-0.0407060183579667,-0.0562566965695977,-0.0717398411577664,-0.0430074469178436,-0.0357458653572286
P1,S17,2,700,2,0,0.0138377456546654,-0.0111780972200715,0.00418900260995624,0.0164030052219957,0.0147262427557914
P1,S18,2,800,2,0,0.0101793454340627,0.00763880121327796,0.0317845460772078,-7.75457574524422e-05,0.00683852084768407
P1,S19,2,900,2,0,0.0275527584752813,0.0184135990185037,0.0495039613971778,0.0326196518821015,0.0367688281964255
P1,S20,2,1000,2,0,-0.0170039072386971,-0.0256205699277878,-0.033138336397222,0.00529338465507414,-0.0188934437270797
P1,S21,2,100,3,0,-0.178075822546453,-0.237164195869898,-0.362582038931669,-0.242992018486953,-0.181143895406153
P1,S22,2,200,3,0,-0.0584697232261897,-0.0891817608183039,-0.00553005268943794,-0.0547190687337574,-0.039399978798396
P1,S23,2,300,3,0,0.000321379844247124,0.0235664678859611,0.0307554241850392,-0.00935030671653472,-0.013898567506913
P1,S24,2,400,3,0,-0.0843720966429345,-0.0964145452712263,-0.120500598433629,-0.0944327177118252,-0.100452912695015
P1,S25,2,500,3,0,-0.00161168347526326,-0.000678740658234713,0.000758767869915225,-0.0145688010983981,-0.0183842347294686
P1,S26,2,600,3,0,0.0731450694569351,0.0530500958570139,0.0616110767416399,0.0876575326964036,0.0471733441416278
P1,S27,2,700,3,0,-0.0280115618781131,-0.00358019472772847,-0.00139855539592897,-0.0157041512770708,-0.0125012366105979
P1,S28,2,800,3,0,-0.0413003593147963,-0.0399799043987212,-0.0647540444166816,-0.0314518200492066,-0.0371900549898655
P1,S29,2,900,3,0,-0.0266224607024066,-0.000601873219339158,-0.0845009735286019,-0.0213752792644263,-0.0028150004650584
P1,S30,2,1000,3,0,0.0747145032888157,0.0716834607622576,0.088702693335201,0.0721086739243596,0.0709319438545981
P1,S31,2,100,4,0,-0.160632153201022,-0.0944683909963313,-0.268616078793483,-0.149288787575311,-0.129858007428839
P1,S32,2,200,4,0,-0.075555675018704,-0.0559969956475708,-0.131442152547564,-0.0715913846328028,-0.0595922536043203
P1,S33,2,300,4,0,-0.0732742845994997,-0.0650938987952195,-0.12710440135339,-0.0875164873107717,-0.0517616722701037
P1,S34,2,400,4,0,-0.00246156086207312,0.00614836671624169,0.0154150172650988,-0.0270850100499894,-0.0142587271233583
P1,S35,2,500,4,0,0.0471215349611932,0.053066279799078,0.12192525383723,0.0453845723814442,0.0610262400134233
P1,S36,2,600,4,0,0.0282030385024876,0.0242851046536776,0.0672072956417709,0.0283251316350583,0.00406410329308783
P1,S37,2,700,4,0,0.0274919633309018,0.02383384712108,0.029523116528851,0.0476300367725589,0.0415360559831939
P1,S38,2,800,4,0,0.0491734428356706,0.0488531976135199,0.0837793457002742,0.0531397493982725,0.0318436510686862
P1,S39,2,900,4,0,-0.0338134673062076,-0.0147882127390654,0.0180446455465834,-0.0197348048748655,-0.0216777448623778
P1,S40,2,1000,4,0,-0.0219224711620894,-0.00676031816075578,-0.0392360507074347,-0.0120550768969802,-0.0287160397368786
P1,S41,2,100,5,0,-0.00687853168903924,0.0391865580518203,-0.118008007809022,0.0667550007128875,0.0125689555641253
P1,S42,2,200,5,0,-0.0401790197045477,-0.0977897718065569,0.0201571419806725,-0.0529877498088683,-0.161134418458898
P1,S43,2,300,5,0,0.0718125769401107,0.0734397750776313,0.11618709894921,0.0334330583174444,0.057754386913045
P1,S44,2,400,5,0,-0.0266026486653669,-0.0358858796581216,-0.0310899652797347,-0.0082307192626233,-0.0723054757007472
P1,S45,2,500,5,0,0.00759673147819748,0.0228166898933337,0.0121527612390029,0.0272266732264372,-0.0368915136459917
P1,S46,2,600,5,0,0.0384864989113119,0.058649940805887,0.039947009644714,0.0616796170267858,0.042400512437047
P1,S47,2,700,5,0,-0.0357113452228621,-0.0349402329004426,0.0208647861215249,-0.0475893176213242,-0.0645671188385844
P1,S48,2,800,5,0,0.0292498972744029,0.040657965619459,0.0897556309361199,0.0618937404910797,0.0502353610615274
P1,S49,2,900,5,0,-0.00887053683474039,-0.0428765280973691,-0.0543381422326464,-0.0401115478344398,-0.00028913607912605
P1,S50,2,1000,5,0,0.0252402000584826,0.0258515869090032,0.0750941577301702,-0.000223455253466142,-0.0086853113443226
P1,S51,2,100,6,0,0.0885051418652486,0.0822252183242071,0.17043986056005,0.0789128249468175,0.0668849335654202
P1,S52,2,200,6,0,-0.232648876079308,-0.17382184813253,-0.161121192463763,-0.121217478571366,-0.247329615627833
P1,S53,2,300,6,0,-0.0237359024680707,-0.0235000970682172,-0.0136599705490452,0.0305797372782233,-0.060266242221171
P1,S54,2,400,6,0,-0.0349504000093521,-0.0331092272777092,-0.0760856953007955,0.0279308491437446,-0.128883509201578
P1,S55,2,500,6,0,-0.0180667789418275,-0.00248937321015505,-0.0158036675234133,0.0165516606959145,0.0074778312730339
P1,S56,2,600,6,0,-0.00918755177798128,-0.0362650323079539,0.0141791893034228,0.00461456591664559,-0.0437528426995005
P1,S57,2,700,6,0,-0.0126683906533942,-0.0206650150188334,0.0330859124708308,0.020994605070628,-0.0185053068793969
P1,S58,2,800,6,0,0.0191793968765926,0.0175387657560438,-0.00320575294453092,-0.0113891770158769,-0.0231060052713499
P1,S59,2,900,6,0,0.0880497743387291,0.0747880405941472,0.0442846145909088,0.0770947044374469,0.063841894832476
P1,S60,2,1000,6,0,-0.0496682143067222,-0.0273153906105446,0.0209135421412008,-0.039149365513844,-0.0424842643581126
P1,S61,2,100,7,0,0.157267153530583,0.0935465284073473,0.14471059863486,0.256065674285979,-0.131868685806747
P1,S62,2,200,7,0,0.0305653488445232,-0.0315122973551063,-0.0330725107200937,0.0107078703809141,-0.0444506986620491
P1,S63,2,300,7,0,-0.0268346894603149,0.0298117045974577,-0.101090944029049,-0.0229961217905269,-0.109134192356914
P1,S64,2,400,7,0,0.0094648694655356,-0.00211995169247224,0.0637051337335954,-0.0436379169263645,0.0565645565391117
P1,S65,2,500,7,0,-0.0173435378200215,0.0222429019546978,-0.129345016460492,-0.0542625203374605,-0.0173477124873704
P1,S66,2,600,7,0,-0.0303043181927514,-0.0018202569249475,0.0137124772111296,-0.0127093876119541,0.0153245122967271
P1,S67,2,700,7,0,-0.0373032698601409,-0.00972715019488877,-0.0174037981481973,-0.0536369781697033,-0.0304979818876513
P1,S68,2,800,7,0,-0.0411971359540468,-0.0290980147995589,-0.0186964143872461,-0.0379328332075221,0.0489822182946572
P1,S69,2,900,7,0,0.00291896820642279,0.0194038216660207,0.00252738969636913,-0.00179406972773783,-0.0661816860055564
P1,S70,2,1000,7,0,-0.00963440802694402,-0.0293040480867568,-0.0730649793153981,-0.0114883262470682,-0.0456522148311106
P1,S71,2,100,8,0,0.107400282462637,0.0909733074923527,-0.117209855033702,0.040248013066991,NA
P1,S72,2,200,8,0,-0.0459362308783868,-0.061031794697681,-0.064605875938099,0.0474491660557245,NA
P1,S73,2,300,8,0,-0.048865746484204,-0.0743638772353664,-0.124998584120577,-0.0279377073632108,NaN
P1,S74,2,400,8,0,-0.00675024718672174,-0.0181870661880471,-0.0199795378241202,-0.000967262619378368,0.0482304048668946
P1,S75,2,500,8,0,0.023803164414136,0.00407679759754561,-0.0428454215003726,0.005198742232644,0.143566025465703
P1,S76,2,600,8,0,-0.0837329077162733,-0.0764230998338193,-0.112028685493423,-0.0278853899975295,-0.0498542663956639
P1,S77,2,700,8,0,-0.0255593339591517,0.00310940428091603,0.0608516112971192,-0.0174723726778144,0.0588731570423822
P1,S78,2,800,8,0,-0.027958602243781,0.0106945597466262,0.0201298956257535,-0.0304798445408283,-0.0161337435997737
P1,S79,2,900,8,0,-0.0664932111136888,0.0194382185501765,-0.0226354811639435,-0.079014232683305,-0.0814703553027544
P1,S80,2,1000,8,0,-0.0228994664135092,-0.0222504705243849,-0.0353312352094469,0.0299235336305799,-0.0506841792250746
P2,S1,2,100,1,0.0796604046242782,0.00464262123308678,-0.00607215110022039,0.0759227650733904,0.0237440119876407,0.0400559608944742
P2,S2,2,200,1,0.0796604046242782,0.165950374072726,0.170913115881528,0.11165872153443,0.164366581613948,0.137099141210782
P2,S3,2,300,1,0.0796604046242782,-0.0252453897613337,-0.0471068134300948,0.00623446542959142,-0.0251810530242659,-0.0486034721962041
P2,S4,2,400,1,0.0796604046242782,0.0756162240952753,0.0794537381024205,0.113190613277097,0.067722688457413,0.102223603729392
P2,S5,2,500,1,0.0796604046242782,-0.00212443938841127,-0.00627923324931877,-0.0229125173074274,-0.00315594938645718,-0.00222773937052698
P2,S6,2,600,1,0.0796604046242782,0.0742874550277628,0.0857607927294597,0.0718568962659417,0.0842251421597051,0.0854351322651334
P2,S7,2,700,1,0.0796604046242782,0.0270817993512541,0.0274654685182354,-0.0195182678099997,0.0227675095719465,0.0126774317564988
P2,S8,2,800,1,0.0796604046242782,0.0414066780710763,0.0357669513377458,0.0272463309536286,0.0374241291361309,0.0464942669137965
P2,S9,2,900,1,0.0796604046242782,0.126532494774877,0.127864112492593,0.0975259053198284,0.126037733319225,0.130710242764205
P2,S10,2,1000,1,0.0796604046242782,0.0996155630864553,0.0888160990258455,0.0898058674107059,0.096571245062522,0.103039395316317
P2,S11,2,100,2,0.0796604046242782,0.10581168376242,0.123948625116219,0.00162598136116684,0.106459307991449,0.0310134901858511
P2,S12,2,200,2,0.0796604046242782,0.206913557876053,0.202524487549448,0.0225200980152446,0.202524487549448,0.195528373960958
P2,S13,2,300,2,0.0796604046242782,0.0717568786237758,0.0487365076674375,0.040402880604863,0.0808872737992741,0.0899640463055905
P2,S14,2,400,2,0.0796604046242782,0.0526899579518165,0.0499106384782037,-0.0218538670352373,0.0653201443669215,0.0658081858365115
P2,S15,2,500,2,0.0796604046242782,0.0689218467179655,0.0646741184164101,0.0869902815645325,0.101942277372877,0.0703143974901747
P2,S16,2,600,2,0.0796604046242782,0.148170916997631,0.139184848112916,0.142569235970741,0.137245031886167,0.159138710224853
P2,S17,2,700,2,0.0796604046242782,0.00933636884735712,0.0109127489721744,0.00657311867317934,0.0042989087716225,0.0194342634790935
P2,S18,2,800,2,0.0796604046242782,0.0732483585751493,0.076556203375899,0.0779494901341591,0.0656115241040328,0.0506020059866748
P2,S19,2,900,2,0.0796604046242782,0.0527867370824979,0.046383748385372,-0.00233914797834427,0.0645413328407786,0.0622472477122961
P2,S20,2,1000,2,0.0796604046242782,0.0802548083314148,0.0708152497129893,0.0758248503465003,0.0891056943387305,0.0880152533957738
P2,S21,2,100,3,0.0796604046242782,-0.0312720788098896,0.0310796475981945,-0.0752942117648799,-0.103466495269889,-0.0167109191316605
P2,S22,2,200,3,0.0796604046242782,0.0202852881434634,0.0581249463692904,0.110104430229957,-0.0375850110483874,0.0107539469459546
P2,S23,2,300,3,0.0796604046242782,0.103881377459411,0.0873503374073369,0.057603226503824,0.118334272119725,0.137750480125001
P2,S24,2,400,3,0.0796604046242782,0.0446080305269089,0.0475405392177897,0.103810025948153,0.052162916470944,0.0307416771643138
P2,S25,2,500,3,0.0796604046242782,0.0992642307382015,0.0875715078448844,0.13291063705606,0.0919220425570699,0.129331575707423
P2,S26,2,600,3,0.0796604046242782,0.106808679804141,0.0986484665338616,0.13499505398677,0.0536801364035626,0.103619983175641
P2,S27,2,700,3,0.0796604046242782,0.0649584463107727,0.0716973476504204,0.105963288727274,0.0664537850635684,0.0562334975454772
P2,S28,2,800,3,0.0796604046242782,0.0635466104877036,0.0538970682383772,-0.0115762312904733,0.0513219932482804,0.0609549641196282
P2,S29,2,900,3,0.0796604046242782,0.126728639940869,0.121549579017064,0.11547856687178,0.128463596257176,0.13371407229506
P2,S30,2,1000,3,0.0796604046242782,0.0902222676386582,0.0897368918481187,0.149071000892201,0.0833086935847482,0.105452056296561
P2,S31,2,100,4,0.0796604046242782,0.0695213699746158,0.0121281137447016,0.0909117471592599,0.0471701176616675,-0.0296691220432797
P2,S32,2,200,4,0.0796604046242782,0.0813271104906384,0.107681455800861,0.0422539474730127,0.11254158114717,0.123031491200502
P2,S33,2,300,4,0.0796604046242782,-0.016563162540479,0.00845958457216987,0.0310944764311174,0.00821843520342635,0.0429640234948065
P2,S34,2,400,4,0.0796604046242782,0.0472993817003148,0.0744008495590782,0.0372535998558612,0.03572650016451,0.0756779219793449
P2,S35,2,500,4,0.0796604046242782,0.0206055383426231,0.0227262447158936,-0.0111514345747849,0.0361238904108235,0.0307201180390544
P2,S36,2,600,4,0.0796604046242782,0.0306590518304856,0.0613052473445576,0.0866122964007579,0.00542115413970538,0.0394066688911389
P2,S37,2,700,4,0.0796604046242782,0.0809528690891569,0.0899008991539801,0.115945735640889,0.0533497920626211,0.0393418153548507
P2,S38,2,800,4,0.0796604046242782,0.0922669247936561,0.121378930666247,0.159432656662948,0.0678559589876206,0.0749586308418572
P2,S39,2,900,4,0.0796604046242782,0.107696733261626,0.0824868380294906,0.0607482338634011,0.0833446423176713,0.112570564942967
P2,S40,2,1000,4,0.0796604046242782,0.019930110506482,0.0392414031684416,-0.0359535009036574,-0.016668025258671,0.0193072042355869
P2,S41,2,100,5,0.0796604046242782,0.285666832265466,0.299599156662801,0.236844458076304,0.271575911874286,0.356121471246208
P2,S42,2,200,5,0.0796604046242782,0.141109812013144,0.0678799636203006,0.183604116181012,0.14472321999025,0.0817625927483301
P2,S43,2,300,5,0.0796604046242782,0.10185281590759,0.103336662905238,0.208124135612346,0.0996975290670689,0.134233214172804
P2,S44,2,400,5,0.0796604046242782,0.0724613975796688,0.0843626643684085,0.0768243708540464,0.0432374976878924,0.121066824566918
P2,S45,2,500,5,0.0796604046242782,0.105763803602689,0.100392290635361,0.132355516321228,0.0337696355327026,0.152660666134898
P2,S46,2,600,5,0.0796604046242782,0.0204911171969859,0.0512061049062973,0.00412701581686057,-0.00646952617546153,0.040269098804395
P2,S47,2,700,5,0.0796604046242782,0.082933566090201,0.0721925921401603,0.12791692902757,0.0869440316861863,0.0785381481942109
P2,S48,2,800,5,0.0796604046242782,0.0561865401837514,0.0345477447463833,0.0501218953124065,0.0380247889578651,0.0723835917920856
P2,S49,2,900,5,0.0796604046242782,0.0694017342115319,0.0730441486111145,0.0357882844236597,0.0490962250690014,0.092929830199917
P2,S50,2,1000,5,0.0796604046242782,0.0789683127904986,0.0862626808243954,0.0814685658742492,0.0580907508553007,0.0972721888400622
P2,S51,2,100,6,0.0796604046242782,0.138329511450512,0.039603554350409,0.152955307283347,0.0220066153940941,-0.00405125551307918
P2,S52,2,200,6,0.0796604046242782,0.0658968269945665,0.111373057391167,0.156848256799399,0.0509043723819917,0.0815796805940924
P2,S53,2,300,6,0.0796604046242782,0.0738869571840978,0.0684523012167931,0.0352353712027804,0.0378671873736517,0.0428005181540908
P2,S54,2,400,6,0.0796604046242782,0.0783681624204262,0.0440832361228563,-0.0337332793150881,0.10242262923571,0.176959757597559
P2,S55,2,500,6,0.0796604046242782,0.100120104364109,0.113535767126139,0.00894886935020974,0.0829682517016736,0.0765317267512146
P2,S56,2,600,6,0.0796604046242782,-0.0201088571605752,0.00896792171787423,-0.0542873839257004,-0.00893541123029572,0.0112750143040207
P2,S57,2,700,6,0.0796604046242782,0.0659827553940678,0.0557421023825755,0.008073450934244,0.0840526375198661,0.092919054925364
P2,S58,2,800,6,0.0796604046242782,0.0939490467196305,0.0890087855613408,0.104982783059651,0.0958584050839271,0.116879716745921
P2,S59,2,900,6,0.0796604046242782,0.108421934348461,0.0946237714251114,0.100651605939056,0.0777437695144283,0.140541382881127
P2,S60,2,1000,6,0.0796604046242782,0.056035353269227,0.0394286448877974,0.0805935903415903,0.0519254605528615,0.0453189116581326
P2,S61,2,100,7,0.0796604046242782,0.144851212612635,0.162132509498117,0.17303134597386,0.0116875899773314,NA
P2,S62,2,200,7,0.0796604046242782,0.0370224535701357,0.0499972954903425,0.0509050044344725,0.0669126066027433,0.0245387617391999
P2,S63,2,300,7,0.0796604046242782,0.201995741762469,0.0993930649428979,0.238336707371934,0.0961245674294463,0.191579007285603
P2,S64,2,400,7,0.0796604046242782,0.100554919113083,0.0597938840212292,0.0488574214085147,0.0475237521552986,0.0282357203529036
P2,S65,2,500,7,0.0796604046242782,0.00791530310568539,0.000407718265758893,0.0844987628841765,-0.00588194438458199,-0.0356177204779768
P2,S66,2,600,7,0.0796604046242782,0.0823341130840858,0.0814478755269047,0.0875541483928481,0.0935519655362928,0.0365387378934557
P2,S67,2,700,7,0.0796604046242782,0.124266856963512,0.102060613887724,0.0977888259074404,0.0680668747658111,0.147381396942561
P2,S68,2,800,7,0.0796604046242782,0.0690481827292922,0.0317394168991473,0.0205054821187605,0.0916855352459895,0.116715132773049
P2,S69,2,900,7,0.0796604046242782,0.105470629948129,0.104506378150837,0.165265738544871,0.097462486315761,0.155330010634083
P2,S70,2,1000,7,0.0796604046242782,0.0890077205171932,0.0750870039852076,0.0929327735280847,0.0509967100563606,0.0134750343668948
P2,S71,2,100,8,0.0796604046242782,0.182826958962527,0.164977811611352,0.265804409239998,0.150045465396464,NA
P2,S72,2,200,8,0.0796604046242782,0.0141575719515105,-0.0360124669353125,-0.00778418907972443,0.0994654855962984,NA
P2,S73,2,300,8,0.0796604046242782,0.123520148150587,0.117969435106126,0.173285652648261,0.0544378249919452,NA
P2,S74,2,400,8,0.0796604046242782,0.0481443310846683,0.0631244455634251,-0.037766381837111,0.131216924041394,0.0314296032816449
P2,S75,2,500,8,0.0796604046242782,0.0526884555940721,0.0692900468585311,0.13186056071987,0.0493074375821654,0.0532857324846476
P2,S76,2,600,8,0.0796604046242782,0.0324791796480234,0.0230955140032419,0.0679879893654192,0.0894780774287688,-0.0486002671588064
P2,S77,2,700,8,0.0796604046242782,0.0559035076148987,0.0546521780692577,0.0471913967716012,0.0750391337701335,0.133984878128771
P2,S78,2,800,8,0.0796604046242782,0.000474107650262267,0.0138994675697468,-0.0367056893575556,0.0198396645345521,-0.01958119549216
P2,S79,2,900,8,0.0796604046242782,0.055925113658679,0.0811444123184241,0.0589401102395993,0.0113931958013395,0.0491862488640478
P2,S80,2,1000,8,0.0796604046242782,0.13237150396068,0.147028653631226,0.171641795653662,0.0548538912500459,0.143757240235922
P3,S1,2,100,1,0.159320809248555,0.15231431450175,0.118225863302751,0.177666107650217,0.138092786064215,0.126647031979843
P3,S2,2,200,1,0.159320809248555,0.12505025056403,0.127425855686277,0.107285784640313,0.115987286899876,0.121611480843705
P3,S3,2,300,1,0.159320809248555,0.171459868689283,0.17574577161957,0.177797222525925,0.174250245877439,0.179273549792585
P3,S4,2,400,1,0.159320809248555,0.0732339314022177,0.0690803652322001,0.115167218402716,0.0833645713697819,0.093024092446093
P3,S5,2,500,1,0.159320809248555,0.110585866641876,0.118241369708647,0.177331042156478,0.113577450175213,0.102827092131881
P3,S6,2,600,1,0.159320809248555,0.181941220904267,0.183395695140251,0.272120433831127,0.163314233405308,0.172277117093308
P3,S7,2,700,1,0.159320809248555,0.17663434724315,0.179099059096872,0.153950781172028,0.162925208795403,0.180783860984814
P3,S8,2,800,1,0.159320809248555,0.148561086577,0.162815592405797,0.141262866989405,0.149014694480911,0.146034531687827
P3,S9,2,900,1,0.159320809248555,0.183699313644783,0.175725123477562,0.216665236602532,0.171395383556904,0.195390937924092
P3,S10,2,1000,1,0.159320809248555,0.163633312622367,0.166981585510076,0.20635984316859,0.155906366212464,0.154373207550389
P3,S11,2,100,2,0.159320809248555,0.156335901863119,0.169755076371914,0.14063249703872,0.122208718396358,0.148261785595071
P3,S12,2,200,2,0.159320809248555,0.177300599244659,0.207913784650537,0.186185568082573,0.165448939877309,0.20511663461428
P3,S13,2,300,2,0.159320809248555,0.174630369540977,0.124352913942133,0.161872566989974,0.146012780283665,0.163913564207068
P3,S14,2,400,2,0.159320809248555,0.149677520020205,0.131554821429929,0.155469911784327,0.167561201235017,0.137007913237992
P3,S15,2,500,2,0.159320809248555,0.203009641703644,0.209659041809135,0.212908610284516,0.183330405734527,0.193670996450326
P3,S16,2,600,2,0.159320809248555,0.158916102174336,0.152606110644275,0.164817535732064,0.161328343243147,0.141997740011587
P3,S17,2,700,2,0.159320809248555,0.0974288292947829,0.0971419079136104,0.11120974622633,0.106401198620783,0.113201147553631
P3,S18,2,800,2,0.159320809248555,0.102323740242947,0.101161828790932,0.0720489042314667,0.101287952955666,0.0980587555648098
P3,S19,2,900,2,0.159320809248555,0.137599661121574,0.123482125818455,0.0987300332429722,0.132653834170504,0.142674555684995
P3,S20,2,1000,2,0.159320809248555,0.132099893997335,0.136171553559503,0.113510463550174,0.131496784612963,0.136738420349859
P3,S21,2,100,3,0.159320809248555,0.276683852654783,0.206291016807292,0.209740545686947,0.206842328548728,0.238501188282635
P3,S22,2,200,3,0.159320809248555,0.176815149363449,0.179064569769842,0.188280665410811,0.163813979825513,0.154102384272989
P3,S23,2,300,3,0.159320809248555,0.102354325213717,0.0935648428300475,0.093992203418577,0.0770180897817594,0.119742840812764
P3,S24,2,400,3,0.159320809248555,0.112762690947156,0.134691401096692,0.127144266694926,0.119442635046153,0.0673807636697114
P3,S25,2,500,3,0.159320809248555,0.156136795161174,0.18069673882345,0.232836053527996,0.147290583606421,0.190919497930945
P3,S26,2,600,3,0.159320809248555,0.154227405816748,0.144339517197212,0.130811761650664,0.132715018078636,0.140195234917969
P3,S27,2,700,3,0.159320809248555,0.164706900626023,0.173398838628652,0.211703697208077,0.166426971456838,0.173525947205446
P3,S28,2,800,3,0.159320809248555,0.165246133844511,0.178794983381929,0.182198594520903,0.153325833761723,0.152238829917634
P3,S29,2,900,3,0.159320809248555,0.191011358475933,0.15497292384864,0.205517936282931,0.164914648294205,0.179339450237029
P3,S30,2,1000,3,0.159320809248555,0.212297816997413,0.183235305088073,0.185340427352461,0.183943773590667,0.235876995672406
P3,S31,2,100,4,0.159320809248555,0.148968903020715,0.138860415768629,0.109207362621011,0.0126247648990835,0.0465791221054278
P3,S32,2,200,4,0.159320809248555,0.10427206814216,0.10709993838282,0.0286059789464079,0.0670472121480988,0.165694291360713
P3,S33,2,300,4,0.159320809248555,0.172352179308846,0.199438958436342,0.181252315755809,0.138468727542129,0.188520558480448
P3,S34,2,400,4,0.159320809248555,0.156202652838652,0.111944528196602,0.0569607125753905,0.137246349274255,0.118214877554871
P3,S35,2,500,4,0.159320809248555,0.19060781953574,0.203900851645013,0.191791595623468,0.160603573750164,0.199626101742098
P3,S36,2,600,4,0.159320809248555,0.182953855588695,0.16760373834783,0.099361307287251,0.159072151231838,0.212474239010037
P3,S37,2,700,4,0.159320809248555,0.184553431210731,0.182944527873583,0.140097059035235,0.137526709624065,0.142795760018996
P3,S38,2,800,4,0.159320809248555,0.136052650084227,0.153262843225032,0.108575240845684,0.0921454341454165,0.151683041384364
P3,S39,2,900,4,0.159320809248555,0.189941742595432,0.186447706069472,0.180419146113396,0.170063859920215,0.190878069815718
P3,S40,2,1000,4,0.159320809248555,0.124867723714546,0.15658947387811,0.100437898229437,0.115125779981967,0.1202199835434
P3,S41,2,100,5,0.159320809248555,0.17855464553627,0.0850676872592541,0.225102371648976,0.178320475511712,0.0652355330178758
P3,S42,2,200,5,0.159320809248555,0.155660335276487,0.169351431090667,0.199066327082838,0.108894416194539,0.125959708674895
P3,S43,2,300,5,0.159320809248555,0.143362752886781,0.0852615145860337,0.144427410445865,0.124720900092056,0.178013525740486
P3,S44,2,400,5,0.159320809248555,0.113369214107382,0.0954099765235121,0.113835516001398,0.0819495331542357,0.143771748310721
P3,S45,2,500,5,0.159320809248555,0.174264827357028,0.169280456336714,0.226423435326947,0.137417123455195,0.19041607745671
P3,S46,2,600,5,0.159320809248555,0.176438089438067,0.161540097679438,0.115021881923835,0.169318596126592,0.202800947545741
P3,S47,2,700,5,0.159320809248555,0.193900079556314,0.176741999284241,0.232409302526934,0.197169069925619,0.236485747104775
P3,S48,2,800,5,0.159320809248555,0.179754516151755,0.192941983785871,0.225019502246411,0.138379571376487,0.181868675334179
P3,S49,2,900,5,0.159320809248555,0.156601301935568,0.134395173689717,0.159185649350977,0.121183986173734,0.113367409236869
P3,S50,2,1000,5,0.159320809248555,0.130426598009124,0.148352600805815,0.16822118578057,0.0963893623706149,0.126882230647761
P3,S51,2,100,6,0.159320809248555,0.163424737549038,0.0967292486572319,0.190685270729528,0.201149428016232,0.106640826249452
P3,S52,2,200,6,0.159320809248555,0.187341835158209,0.120202521266078,0.258182283613371,0.11192705010036,0.20356837183778
P3,S53,2,300,6,0.159320809248555,0.107455907974619,0.0918658513306854,0.0977999185134633,0.114053878777441,0.0753443785487095
P3,S54,2,400,6,0.159320809248555,0.158390031340983,0.176828999471247,0.122621544503211,0.134808859841502,0.183952980495206
P3,S55,2,500,6,0.159320809248555,0.104848237534268,0.148511857412003,0.135542153639883,0.00760287353032871,0.00697321492006665
P3,S56,2,600,6,0.159320809248555,0.105102024699285,0.123321897040137,0.125991655065753,0.0838434428775107,0.106715743250546
P3,S57,2,700,6,0.159320809248555,0.151710835901491,0.171419999835635,0.19543313490449,0.166973610335025,0.166803075619954
P3,S58,2,800,6,0.159320809248555,0.0993449272293347,0.100861183885582,0.105517470075467,0.0601667911100567,0.105825827391908
P3,S59,2,900,6,0.159320809248555,0.142127184567417,0.135649089626559,0.0427481987096971,0.100930225513179,0.126152449121638
P3,S60,2,1000,6,0.159320809248555,0.15211014116349,0.154597851645226,0.144737832877346,0.103006626664009,0.177646137600392
P3,S61,2,100,7,0.159320809248555,0.237995099308264,0.195109387037851,0.240323009490316,0.202491193055212,NA
P3,S62,2,200,7,0.159320809248555,0.142218123590292,0.101170732013501,0.027666737727446,0.0572162159266057,0.111637269120989
P3,S63,2,300,7,0.159320809248555,0.223969101471269,0.179999660825839,0.110690351876888,0.121666769485568,0.155783002562606
P3,S64,2,400,7,0.159320809248555,0.195262100284576,0.146006008877424,0.182456633883431,0.142497748999086,0.143958722330052
P3,S65,2,500,7,0.159320809248555,0.144487991007548,0.111032236423997,0.0673919767484527,0.0861203490697056,0.184976445160998
P3,S66,2,600,7,0.159320809248555,0.180952490770885,0.148513993528689,0.155611751757704,0.112169235763367,0.131587381689806
P3,S67,2,700,7,0.159320809248555,0.141907760193893,0.169783240029032,0.1945252944625,0.111604097986455,0.0745997331808511
P3,S68,2,800,7,0.159320809248555,0.158964432254603,0.13062281104673,0.0605985378988653,0.14555038357751,0.168181961057737
P3,S69,2,900,7,0.159320809248555,0.177125539376259,0.165471417394351,0.136487182436365,0.0859117498734594,0.212051668059756
P3,S70,2,1000,7,0.159320809248555,0.216052127398128,0.187203992562851,0.192530227574985,0.191844927798196,0.210440821720528
P3,S71,2,100,8,0.159320809248555,0.134503981082373,0.125004758215413,0.343614225828076,0.0346482540024438,NA
P3,S72,2,200,8,0.159320809248555,0.175481485473886,0.166804301592039,0.144098485816417,0.149083068597477,NA
P3,S73,2,300,8,0.159320809248555,0.142317686716234,0.186579219721204,0.153168134122623,0.068224715052888,NA
P3,S74,2,400,8,0.159320809248555,0.10484231801187,0.112588924378034,0.0305680262010641,0.0380924665493046,0.122011144803891
P3,S75,2,500,8,0.159320809248555,0.120393398472439,0.0955413750422163,0.0771899052435933,0.07266583727669,0.157869636316663
P3,S76,2,600,8,0.159320809248555,0.132587921229755,0.111871914581399,0.0864014499877688,0.0521988846332699,0.0543039688041908
P3,S77,2,700,8,0.159320809248555,0.172027570053804,0.177539922516528,0.11854885531797,0.0640403334743213,0.0598286691047041
P3,S78,2,800,8,0.159320809248555,0.154324803325213,0.131928019526833,0.143649222969399,0.0837408392348717,0.0901723732170324
P3,S79,2,900,8,0.159320809248555,0.178795071778965,0.179719227910419,0.230995575920141,0.087812582530265,0.167343005198763
P3,S80,2,1000,8,0.159320809248555,0.129581174259991,0.123558737967115,0.0706020695266346,0.0245543992014067,0.161801209661186
P4,S1,2,100,1,0.238981213872832,0.317546905153772,0.309502404839849,0.347457484865555,0.328233425123399,0.355212501793958
P4,S2,2,200,1,0.238981213872832,0.236446303740679,0.200718281004786,0.326476963838981,0.209952378747866,0.243262360019741
P4,S3,2,300,1,0.238981213872832,0.339253314417702,0.339870794462084,0.335928020936664,0.330039779459281,0.331487800950025
P4,S4,2,400,1,0.238981213872832,0.239943861996763,0.20666461477561,0.202403487688475,0.235561568882816,0.224362528473141
P4,S5,2,500,1,0.238981213872832,0.257672317827303,0.248903640666214,0.231009389540548,0.24977243602489,0.237127350168622
P4,S6,2,600,1,0.238981213872832,0.199904912639143,0.197492388798508,0.187044935316941,0.190588289627555,0.214225678561031
P4,S7,2,700,1,0.238981213872832,0.239001045305696,0.24129789225329,0.2581978818481,0.238709152321613,0.234423459140883
P4,S8,2,800,1,0.238981213872832,0.262314616423354,0.269480585964942,0.267083763053002,0.269765156459181,0.26349880256086
P4,S9,2,900,1,0.238981213872832,0.213081242999288,0.214394166004272,0.192899463404997,0.21092904343824,0.21929653380488
P4,S10,2,1000,1,0.238981213872832,0.193060568203102,0.189337948895379,0.253650872044103,0.192883502806635,0.191871362845973
P4,S11,2,100,2,0.238981213872832,0.0725717337494219,0.0825031379279211,0.109584807588223,0.115465753041999,0.0371869402379832
P4,S12,2,200,2,0.238981213872832,0.121188102631211,0.106443890354598,0.105743247793442,0.1447806912525,0.0966604688557408
P4,S13,2,300,2,0.238981213872832,0.227576558317421,0.201964350299477,0.227005559316669,0.231774656058756,0.248417802500751
P4,S14,2,400,2,0.238981213872832,0.285726448987745,0.282660336750458,0.158097792409088,0.268230913193093,0.27456507205621
P4,S15,2,500,2,0.238981213872832,0.310174870042793,0.307565266801309,0.280448862231371,0.295285505960828,0.332734929655287
P4,S16,2,600,2,0.238981213872832,0.280315294716145,0.265185496575273,0.317035864052394,0.288942081380373,0.273754178225953
P4,S17,2,700,2,0.238981213872832,0.338341774389517,0.336557349805653,0.329573472710185,0.340843907832951,0.340097507648302
P4,S18,2,800,2,0.238981213872832,0.215273810156353,0.205277629045129,0.232094639450216,0.19674077552669,0.21036852959027
P4,S19,2,900,2,0.238981213872832,0.240893282210041,0.23897199717226,0.240247035482989,0.234418778797148,0.229470927432919
P4,S20,2,1000,2,0.238981213872832,0.247941529832889,0.267733441064729,0.256404591880579,0.233911603196182,0.24405930801742
P4,S21,2,100,3,0.238981213872832,0.237328914569327,0.227630479630382,0.177738872708608,0.274553471164417,0.292115820637542
P4,S22,2,200,3,0.238981213872832,0.327326234119364,0.339325940964414,0.246080940107197,0.309882787594771,0.330459260342383
P4,S23,2,300,3,0.238981213872832,0.185735338242128,0.171909645321455,0.111007237689619,0.180739580247851,0.183141211955925
P4,S24,2,400,3,0.238981213872832,0.254130992439766,0.268861438013171,0.306483553932177,0.257526042986908,0.210597859539521
P4,S25,2,500,3,0.238981213872832,0.24268710444002,0.250048809182672,0.26047264314518,0.234260056064497,0.230473638327206
P4,S26,2,600,3,0.238981213872832,0.22481719710149,0.237746736606738,0.212486381097812,0.164933755774878,0.221685129651823
P4,S27,2,700,3,0.238981213872832,0.25146230053628,0.26448220200988,0.244185338351154,0.260289447650733,0.260741565729972
P4,S28,2,800,3,0.238981213872832,0.196621579008407,0.191225854513894,0.181411045497572,0.189400785493615,0.19082138300862
P4,S29,2,900,3,0.238981213872832,0.284980088716457,0.274285429220718,0.192948488610854,0.268873917743167,0.287835411163861
P4,S30,2,1000,3,0.238981213872832,0.220193460978209,0.203534675340163,0.170383021054476,0.201911270554097,0.214713008910629
P4,S31,2,100,4,0.238981213872832,0.329050293758633,0.381520510012101,0.477320985315062,0.173194216038296,0.360284628007262
P4,S32,2,200,4,0.238981213872832,0.236088255737082,0.23690496670842,0.263828979737028,0.212439219244072,0.20908136105938
P4,S33,2,300,4,0.238981213872832,0.267362273855608,0.235671157653875,0.29612847450134,0.187414143525948,0.303144155905326
P4,S34,2,400,4,0.238981213872832,0.230335552506137,0.20202635781604,0.175988181190038,0.202386915174509,0.209599314959189
P4,S35,2,500,4,0.238981213872832,0.168235318702381,0.161420703926424,0.19206195694776,0.152029056852761,0.185288510067021
P4,S36,2,600,4,0.238981213872832,0.27954502626988,0.281665656130967,0.245746648524,0.257914766777616,0.279103732364971
P4,S37,2,700,4,0.238981213872832,0.31297076354363,0.289828683877269,0.2383900524287,0.267935205432759,0.30694848598044
P4,S38,2,800,4,0.238981213872832,0.23220371068984,0.230786145059277,0.23763107021068,0.183812407325989,0.267122608079332
P4,S39,2,900,4,0.238981213872832,0.222993997588827,0.206839335268998,0.223776007649854,0.186347064416021,0.212408033862864
P4,S40,2,1000,4,0.238981213872832,0.248149338489945,0.246909084832082,0.277707150246378,0.201379905916606,0.238627950479512
P4,S41,2,100,5,0.238981213872832,0.327532460858692,0.190039872230293,0.433428700687765,0.379914582807178,0.257235829198559
P4,S42,2,200,5,0.238981213872832,0.170945077496964,0.141956198769824,0.101910702953895,0.128151250245075,0.221942304082313
P4,S43,2,300,5,0.238981213872832,0.389319999167465,0.320700469026455,0.303724840664846,0.298296795493251,0.500922889162841
P4,S44,2,400,5,0.238981213872832,0.251494531947641,0.22964619841726,0.260111330779835,0.2488135456626,0.272752721718373
P4,S45,2,500,5,0.238981213872832,0.236679931201874,0.185331494116174,0.287768867013297,0.177293157924659,0.242570876054859
P4,S46,2,600,5,0.238981213872832,0.206849286236541,0.194673712800823,0.20200923373301,0.158257847785834,0.193509038471186
P4,S47,2,700,5,0.238981213872832,0.1935646327015,0.157273833994475,0.183132113988912,0.160040395181048,0.226621986126025
P4,S48,2,800,5,0.238981213872832,0.235508536595345,0.21991873159592,0.193433800647807,0.170178403785305,0.2458996657458
P4,S49,2,900,5,0.238981213872832,0.238745905599917,0.243968965217473,0.234461696422649,0.203167215984148,0.23785925510071
P4,S50,2,1000,5,0.238981213872832,0.241280942388108,0.24520386337386,0.239107584556914,0.204184334721226,0.22787402927319
P4,S51,2,100,6,0.238981213872832,0.369943298713236,0.30003741167719,0.269548872914637,0.277637002253956,0.193443579663814
P4,S52,2,200,6,0.238981213872832,0.270174812014104,0.266976012518681,0.258042465403024,0.184846631197903,0.178871451767146
P4,S53,2,300,6,0.238981213872832,0.221670701940733,0.234065686629573,0.199906443150292,0.193897420334858,0.198347966849024
P4,S54,2,400,6,0.238981213872832,0.230635034855113,0.228789290051722,0.23891883286179,0.14387288278923,0.239943362858683
P4,S55,2,500,6,0.238981213872832,0.191763141750536,0.214893577936125,0.257970480633451,0.156902583409771,0.17084370816717
P4,S56,2,600,6,0.238981213872832,0.27649200770563,0.248448681256261,0.209749078926254,0.187181999484528,0.248936504358382
P4,S57,2,700,6,0.238981213872832,0.205114392285027,0.218626730951375,0.238656269626125,0.110890705628962,0.267504218456214
P4,S58,2,800,6,0.238981213872832,0.237505659077359,0.248888872987334,0.237103148641893,0.195357784863589,0.209980011595283
P4,S59,2,900,6,0.238981213872832,0.171730257188066,0.180401148888391,0.224987387024812,0.135067269064857,0.161602597032147
P4,S60,2,1000,6,0.238981213872832,0.237820276195125,0.206704024047497,0.208668230918847,0.215659381774419,0.292505828751458
P4,S61,2,100,7,0.238981213872832,0.356570464485279,0.256092562634646,0.231992599980915,0.304360748700565,0.0179531069513306
P4,S62,2,200,7,0.238981213872832,0.286570263603966,0.292381716685792,0.250441866957237,0.211318923852729,0.259806946177509
P4,S63,2,300,7,0.238981213872832,0.246140277376905,0.198756489787133,0.219972839017888,0.242978704585038,0.324081396035871
P4,S64,2,400,7,0.238981213872832,0.203490913524422,0.186658320475047,0.276082527398929,0.156703438553332,0.106172623626667
P4,S65,2,500,7,0.238981213872832,0.207389829058591,0.226701167653349,0.229071598837486,0.125562217362507,0.226404777059988
P4,S66,2,600,7,0.238981213872832,0.229288877063826,0.237024388880798,0.198660537063386,0.177275783159976,0.157648377224609
P4,S67,2,700,7,0.238981213872832,0.287481906144866,0.283521923049067,0.216599545576716,0.214803901754025,0.316670791621073
P4,S68,2,800,7,0.238981213872832,0.188385516900415,0.203314364693846,0.194507739246336,0.125736640699563,0.163912116995388
P4,S69,2,900,7,0.238981213872832,0.294562191845555,0.255777051647643,0.21150475297963,0.187228943937154,0.282960667757278
P4,S70,2,1000,7,0.238981213872832,0.224040582560234,0.179532936403536,0.203832688621247,0.140502307874887,0.258379708274011
P4,S71,2,100,8,0.238981213872832,0.346437053105228,0.310547835256344,0.26091954440937,0.268524267501403,NA
P4,S72,2,200,8,0.238981213872832,0.266643909195648,0.297078578438342,0.138163895576014,0.157178574718095,NA
P4,S73,2,300,8,0.238981213872832,0.136292297301396,0.129634254364614,0.116228611293221,0.0619549653646923,0.105193023648643
P4,S74,2,400,8,0.238981213872832,0.244784177370567,0.23689860065673,0.217725725296254,0.169518737447519,0.16555108968203
P4,S75,2,500,8,0.238981213872832,0.234845738823434,0.189395979710684,0.210858955646708,0.0816959334622982,0.26065285567144
P4,S76,2,600,8,0.238981213872832,0.287894569372669,0.228881771170711,0.276099427450303,0.231957536382955,0.281421567419559
P4,S77,2,700,8,0.238981213872832,0.251288899292945,0.230749034597683,0.150878928283411,0.168946877375807,0.416477154555327
P4,S78,2,800,8,0.238981213872832,0.224671471816903,0.223673892553586,0.250220128474711,0.156134608836324,0.199295601461422
P4,S79,2,900,8,0.238981213872832,0.226913996545377,0.190407496488703,0.117497328601783,0.121344762223666,0.308115062757249
P4,S80,2,1000,8,0.238981213872832,0.194813045323467,0.121684489788434,0.115936258055955,0.118040221791508,0.240908636449103
P5,S1,2,100,1,0.31864161849711,0.43029109125693,0.418980020727358,0.541074828715103,0.422065156931715,0.397842816011297
P5,S2,2,200,1,0.31864161849711,0.305766428095066,0.325866198190913,0.358919342935023,0.328414685501187,0.297327121090133
P5,S3,2,300,1,0.31864161849711,0.305103530632083,0.298045756477236,0.218494638508865,0.280933157200312,0.317016998171016
P5,S4,2,400,1,0.31864161849711,0.276955972296498,0.293197420405637,0.288874711828647,0.271635923369809,0.287954162963987
P5,S5,2,500,1,0.31864161849711,0.302364563283771,0.305295769258317,0.258694201717986,0.297827557553056,0.303510511641722
P5,S6,2,600,1,0.31864161849711,0.358979419310013,0.362572995441912,0.404022567425185,0.36274220723558,0.34195015882547
P5,S7,2,700,1,0.31864161849711,0.281143067800504,0.278647866181688,0.267145537703454,0.295481613454002,0.282245139151684
P5,S8,2,800,1,0.31864161849711,0.27086986967309,0.270904001402172,0.300440496493012,0.269970192417661,0.26827752856102
P5,S9,2,900,1,0.31864161849711,0.332092971168454,0.332944419887734,0.336120059820553,0.332944419887734,0.341490852571882
P5,S10,2,1000,1,0.31864161849711,0.33931530213946,0.353972304006899,0.322737792032824,0.335250988520726,0.327283894558051
P5,S11,2,100,2,0.31864161849711,0.30387128959403,0.346702317514756,0.33721737629654,0.323378541622383,0.348388600687356
P5,S12,2,200,2,0.31864161849711,0.332119493116096,0.280425328962557,0.349651063865101,0.304249351122881,0.347147787396479
P5,S13,2,300,2,0.31864161849711,0.335196353154527,0.335919066171391,0.380112954332519,0.327494307547309,0.358738814910372
P5,S14,2,400,2,0.31864161849711,0.345737616890907,0.338478208437242,0.356945342046478,0.340656411049153,0.336132743178173
P5,S15,2,500,2,0.31864161849711,0.275831640462532,0.277381023269414,0.315292066657934,0.264633611687768,0.284745885952165
P5,S16,2,600,2,0.31864161849711,0.379900796744595,0.380845454553086,0.367312563364817,0.384543628865049,0.380390069709538
P5,S17,2,700,2,0.31864161849711,0.282770447566709,0.290351158170702,0.314288071952812,0.25667180424508,0.27758450444513
P5,S18,2,800,2,0.31864161849711,0.38707600023145,0.38934859670382,0.393385316089701,0.354051536130165,0.392182395279943
P5,S19,2,900,2,0.31864161849711,0.274318691562629,0.277450804114874,0.277951116132197,0.245820745663307,0.267348145366037
P5,S20,2,1000,2,0.31864161849711,0.317906072235549,0.325821688279427,0.310462561491246,0.302704705180721,0.316571037518113
P5,S21,2,100,3,0.31864161849711,0.294687089578864,0.273414628923329,0.236904094233934,0.278396792602768,0.272316172780214
P5,S22,2,200,3,0.31864161849711,0.35119740392596,0.355479730288624,0.327054046699782,0.322452050429939,0.303386980496335
P5,S23,2,300,3,0.31864161849711,0.40764420030843,0.411824620028442,0.423361560658333,0.380630201703321,0.410268290585017
P5,S24,2,400,3,0.31864161849711,0.246028138407432,0.242692282385731,0.144896075074425,0.228560095792817,0.250965512534948
P5,S25,2,500,3,0.31864161849711,0.354024856224229,0.338988872795039,0.348028689411309,0.34539772402153,0.329682401111962
P5,S26,2,600,3,0.31864161849711,0.337112910469078,0.359522425764407,0.368581262101488,0.304634454467774,0.354564286771601
P5,S27,2,700,3,0.31864161849711,0.312059993020846,0.34910646567996,0.340647686597564,0.303001834281614,0.32716866838855
P5,S28,2,800,3,0.31864161849711,0.339924492454259,0.333308863506439,0.34554211149317,0.317609783138515,0.353263895912503
P5,S29,2,900,3,0.31864161849711,0.331159278115847,0.334988731607262,0.360809900798895,0.292087486738593,0.34232687459639
P5,S30,2,1000,3,0.31864161849711,0.292290367451927,0.28927226705006,0.302862408284699,0.258817186947016,0.316791057483047
P5,S31,2,100,4,0.31864161849711,0.223402919112337,0.244261553301699,0.165331085794114,0.180989584952383,0.153563294118351
P5,S32,2,200,4,0.31864161849711,0.316312062257885,0.315395933628507,0.238306253026127,0.23844003578122,0.330464174767988
P5,S33,2,300,4,0.31864161849711,0.338222110621181,0.367612327606567,0.360811890585424,0.323473702312031,0.355070095100375
P5,S34,2,400,4,0.31864161849711,0.284248410540222,0.273088451608336,0.224082473992587,0.266859443829934,0.281474408703651
P5,S35,2,500,4,0.31864161849711,0.200326946346906,0.197680885299653,0.150013592806019,0.197337060131421,0.178808114690868
P5,S36,2,600,4,0.31864161849711,0.36746541120022,0.339324557414892,0.313105271166359,0.325706473443473,0.332989447983773
P5,S37,2,700,4,0.31864161849711,0.360558066302932,0.345009781367176,0.339242007412542,0.290601388871499,0.366526855713205
P5,S38,2,800,4,0.31864161849711,0.315518525471096,0.320165134203961,0.279077475914053,0.256057301137231,0.298218694945582
P5,S39,2,900,4,0.31864161849711,0.314602409049962,0.316149533577279,0.30744263744298,0.278390846029679,0.329780274056607
P5,S40,2,1000,4,0.31864161849711,0.281695655597032,0.314300629287669,0.350108379081202,0.253105116717365,0.264358455422886
P5,S41,2,100,5,0.31864161849711,0.315155793586699,0.339743085631431,0.286975936002773,0.252993634458571,0.345579760849932
P5,S42,2,200,5,0.31864161849711,0.456813582683737,0.418788672627436,0.302728031893238,0.391451201042436,0.413208888267101
P5,S43,2,300,5,0.31864161849711,0.266675233959352,0.324123131050168,0.33150052189578,0.249377624956213,0.185552449713521
P5,S44,2,400,5,0.31864161849711,0.260946141218757,0.284545694698846,0.31081861977203,0.220394458189169,0.200445557656525
P5,S45,2,500,5,0.31864161849711,0.363231892145109,0.343216955324124,0.289251754169534,0.337770340245266,0.397527751677183
P5,S46,2,600,5,0.31864161849711,0.347272626000552,0.326646103709393,0.36513758749764,0.345436570474414,0.342352264694648
P5,S47,2,700,5,0.31864161849711,0.353165394778545,0.352682172338181,0.317806328617322,0.284656529338215,0.296790340804424
P5,S48,2,800,5,0.31864161849711,0.359051792929189,0.340306718703952,0.376132277355611,0.306933378008687,0.363263998535763
P5,S49,2,900,5,0.31864161849711,0.341999858548919,0.311446220942507,0.292350051578893,0.243664260130848,0.32447629902184
P5,S50,2,1000,5,0.31864161849711,0.304628678397249,0.299072577960403,0.344378791554816,0.263505398628005,0.283950913678676
P5,S51,2,100,6,0.31864161849711,0.407914121312615,0.482051084481374,0.275808371733263,0.370591662225342,0.367228234304887
P5,S52,2,200,6,0.31864161849711,0.405748572224022,0.454922318953167,0.432813107899727,0.328068291000739,0.388439373753528
P5,S53,2,300,6,0.31864161849711,0.336340875558693,0.373907018696232,0.379345922903136,0.327979678432605,0.307117589165726
P5,S54,2,400,6,0.31864161849711,0.371241049772835,0.378731597837112,0.394588884101285,0.340391613154579,0.285209605941128
P5,S55,2,500,6,0.31864161849711,0.311845887554176,0.282531555100009,0.238660753526782,0.27338888065045,0.297136198179886
P5,S56,2,600,6,0.31864161849711,0.331746129099735,0.321313900785523,0.288824200497182,0.194223269192396,0.353899326520537
P5,S57,2,700,6,0.31864161849711,0.314588379479221,0.329636509255981,0.342456039362278,0.220468251120397,0.273402259579953
P5,S58,2,800,6,0.31864161849711,0.303365616332523,0.280330875558877,0.334053246555406,0.187408085315855,0.301321547350866
P5,S59,2,900,6,0.31864161849711,0.311908150305638,0.315929339800075,0.304126939039093,0.167690038067035,0.30318370956755
P5,S60,2,1000,6,0.31864161849711,0.34100206389746,0.300522243530966,0.257733827620062,0.273716670260597,0.311547716645177
P5,S61,2,100,7,0.31864161849711,0.330629198777268,0.356569558727299,0.409088767389759,0.35153859516263,-0.0271106897953799
P5,S62,2,200,7,0.31864161849711,0.32414582943861,0.236989886327129,0.186765529806512,0.238698621932853,0.2483892229996
P5,S63,2,300,7,0.31864161849711,0.240240497003861,0.247141409606833,0.203693583802876,0.209964877125864,0.253260746448548
P5,S64,2,400,7,0.31864161849711,0.387928088719815,0.36763394165036,0.31324833368862,0.279100064040375,0.372888640637254
P5,S65,2,500,7,0.31864161849711,0.309716401750496,0.317555058933954,0.332645292448576,0.201397323435613,0.244961166750084
P5,S66,2,600,7,0.31864161849711,0.343232554155135,0.326784815841268,0.291452512228895,0.251794150345301,0.25848905223928
P5,S67,2,700,7,0.31864161849711,0.264502013040608,0.302863526119431,0.251496673355165,0.17391514822055,0.194588326730884
P5,S68,2,800,7,0.31864161849711,0.286011190077485,0.287569279729601,0.295071738492709,0.173442405128986,0.276436642664235
P5,S69,2,900,7,0.31864161849711,0.323689104066622,0.268761297694684,0.264514509476713,0.159221825993925,0.314005279269448
P5,S70,2,1000,7,0.31864161849711,0.329550671075009,0.300880392661719,0.302367716647373,0.232956793412157,0.336051932834015
P5,S71,2,100,8,0.31864161849711,0.22492246364289,0.25821970175189,-0.0480841530333443,0.120381164457321,NA
P5,S72,2,200,8,0.31864161849711,0.347764395750341,0.321105543586679,0.158500580289768,0.164597217925989,NA
P5,S73,2,300,8,0.31864161849711,0.352456978048178,0.356973614487172,0.243309875278682,0.251209499134301,0.417141256763032
P5,S74,2,400,8,0.31864161849711,0.337812548859834,0.300110151350011,0.318374796613918,0.176883336787347,0.287274272107439
P5,S75,2,500,8,0.31864161849711,0.271107091198611,0.257354666350005,0.223708471229322,0.152654779174765,0.371169986521943
P5,S76,2,600,8,0.31864161849711,0.323601031465391,0.290158838397136,0.328918675992936,0.187428913658289,0.256878965342327
P5,S77,2,700,8,0.31864161849711,0.281259930770184,0.261005695545111,0.138482655430266,0.17814101192706,0.231410318163595
P5,S78,2,800,8,0.31864161849711,0.28603071359026,0.223534289522059,0.222536039872901,0.0814562119413724,0.238619602195619
P5,S79,2,900,8,0.31864161849711,0.280204197244614,0.20997873423091,0.295604837388112,0.192335233523175,0.305100868808049
P5,S80,2,1000,8,0.31864161849711,0.354501528582538,0.294688959822906,0.284357642400559,0.234202491967998,0.292609386108241
P6,S1,2,100,1,0.398302023121389,0.503173501267988,0.483294038086327,0.512800864636282,0.465543352556305,0.508614939216548
P6,S2,2,200,1,0.398302023121389,0.323729333506861,0.327872168444216,0.400669368827092,0.317149417216979,0.3232880397074
P6,S3,2,300,1,0.398302023121389,0.379307412858592,0.383942785970522,0.380817754393192,0.382556515132343,0.349760708343462
P6,S4,2,400,1,0.398302023121389,0.446001246863395,0.423180073425529,0.427735338498736,0.431730063460431,0.436237983443809
P6,S5,2,500,1,0.398302023121389,0.447615653115399,0.4428428469615,0.364825421291797,0.439243870051554,0.434545128379115
P6,S6,2,600,1,0.398302023121389,0.315443641747023,0.322416096969327,0.376798371279492,0.311646575165457,0.31498616523235
P6,S7,2,700,1,0.398302023121389,0.38317187891363,0.373787006855404,0.343729607543338,0.364774467402951,0.373446554391225
P6,S8,2,800,1,0.398302023121389,0.407439092622886,0.41661951867268,0.367175015045658,0.396759605795281,0.412166933517803
P6,S9,2,900,1,0.398302023121389,0.412713276228958,0.40502975454015,0.393310316874258,0.41340300358279,0.412716913882056
P6,S10,2,1000,1,0.398302023121389,0.437649629133547,0.447060367060998,0.464222912718209,0.43068063867678,0.442563702314327
P6,S11,2,100,2,0.398302023121389,0.439536707366293,0.445206968503958,0.438529778991669,0.403769071972998,0.504248224185953
P6,S12,2,200,2,0.398302023121389,0.379593252468171,0.404235061851563,0.465503182441748,0.38864604894196,0.371427143129823
P6,S13,2,300,2,0.398302023121389,0.405779389947853,0.375856406532316,0.392925791966997,0.355893500873918,0.44356621289222
P6,S14,2,400,2,0.398302023121389,0.419329178728833,0.409660071791931,0.329584238753759,0.41297439833773,0.403574658076649
P6,S15,2,500,2,0.398302023121389,0.389226416415771,0.400742413897735,0.394271642216843,0.368605591710046,0.384445705257464
P6,S16,2,600,2,0.398302023121389,0.377003146290983,0.363637143517166,0.414427869576361,0.374459219196637,0.378376685645736
P6,S17,2,700,2,0.398302023121389,0.424958484964407,0.425203821152049,0.400817027708191,0.422272836002033,0.425152908734138
P6,S18,2,800,2,0.398302023121389,0.389879760858043,0.406909742219485,0.42289404757562,0.349352800273821,0.386751065940444
P6,S19,2,900,2,0.398302023121389,0.370875832124581,0.37727708333747,0.381954507180645,0.352875253637918,0.371266248914308
P6,S20,2,1000,2,0.398302023121389,0.388695476599956,0.388223757470303,0.370507369420223,0.372221393090832,0.391125221807388
P6,S21,2,100,3,0.398302023121389,0.322055445929324,0.395709418003514,0.145361947979061,0.327412346985061,0.342856701279375
P6,S22,2,200,3,0.398302023121389,0.339874743613677,0.361367061727449,0.33839164276746,0.299753680463027,0.362290927454728
P6,S23,2,300,3,0.398302023121389,0.411280525937629,0.414693010295808,0.48597058522978,0.422375246734191,0.40220739066011
P6,S24,2,400,3,0.398302023121389,0.39867260926149,0.418957602168106,0.363824724188942,0.399069614736132,0.413874471165039
P6,S25,2,500,3,0.398302023121389,0.42734132096377,0.42811345050957,0.366060572115529,0.415514155444126,0.440581032811618
P6,S26,2,600,3,0.398302023121389,0.434779002499714,0.441351670424079,0.386281363948572,0.407264915327368,0.45456342724944
P6,S27,2,700,3,0.398302023121389,0.380499294561813,0.380540376402341,0.353881772699357,0.336420002496099,0.37072934708926
P6,S28,2,800,3,0.398302023121389,0.358284923960329,0.36218410643033,0.392464739214424,0.359322450865817,0.348897913887709
P6,S29,2,900,3,0.398302023121389,0.413487818902863,0.401281268234195,0.412656965413278,0.354878632184661,0.436587068915808
P6,S30,2,1000,3,0.398302023121389,0.405158268828159,0.415436713186152,0.429473473977892,0.398516550861577,0.403957967124084
P6,S31,2,100,4,0.398302023121389,0.426423263651238,0.378901440339827,0.335451773878429,0.401045883905989,0.481657518316443
P6,S32,2,200,4,0.398302023121389,0.353553884388998,0.34850208439492,0.266721674553583,0.303677774994484,0.312896698757015
P6,S33,2,300,4,0.398302023121389,0.465048889999968,0.455517001284078,0.432248406396326,0.408376855031381,0.425671985558262
P6,S34,2,400,4,0.398302023121389,0.365079231585761,0.38858273686255,0.472154045977268,0.360462441319451,0.41815181329499
P6,S35,2,500,4,0.398302023121389,0.411875376369458,0.39228810394448,0.361064145099754,0.350533896865686,0.448823486855907
P6,S36,2,600,4,0.398302023121389,0.406419465091553,0.393492109518501,0.438512633034129,0.389364821487746,0.407028935938696
P6,S37,2,700,4,0.398302023121389,0.42914808567469,0.430281306827231,0.391164705808655,0.369993511597475,0.430253813235284
P6,S38,2,800,4,0.398302023121389,0.387701157451539,0.377640884291673,0.422513979789657,0.359482255501223,0.360663750611472
P6,S39,2,900,4,0.398302023121389,0.411916410962492,0.435553860535831,0.493682288982427,0.398916819376875,0.380302359607707
P6,S40,2,1000,4,0.398302023121389,0.37477879020242,0.351017999227352,0.315949691945924,0.341054186994596,0.392445035864221
P6,S41,2,100,5,0.398302023121389,0.335535220176313,0.404499670182299,0.445831719206479,0.298362729692501,0.143614522019666
P6,S42,2,200,5,0.398302023121389,0.497329944291398,0.431039564909856,0.408498652060295,0.473189833056376,0.499941189970393
P6,S43,2,300,5,0.398302023121389,0.412641885094385,0.428555422992224,0.388622332139245,0.310429659882155,0.381978764092392
P6,S44,2,400,5,0.398302023121389,0.377745309256917,0.392687858907531,0.360241786230824,0.281731865932937,0.400301690514834
P6,S45,2,500,5,0.398302023121389,0.349311206010454,0.347113175453829,0.319374091902034,0.277606374491793,0.348575004723471
P6,S46,2,600,5,0.398302023121389,0.43699056896596,0.414783542388097,0.355045879571781,0.343291630349531,0.413151073143079
P6,S47,2,700,5,0.398302023121389,0.483699974134996,0.460833630861811,0.470958775865381,0.383315556958829,0.44999252201827
P6,S48,2,800,5,0.398302023121389,0.423468225658627,0.405240123083818,0.40580834889398,0.330411362442621,0.338803827241044
P6,S49,2,900,5,0.398302023121389,0.419642808146021,0.382886453502729,0.410875486118372,0.353142614517726,0.419824633823452
P6,S50,2,1000,5,0.398302023121389,0.355240831373053,0.351468451453801,0.363531514746486,0.309104386453136,0.349735974889451
P6,S51,2,100,6,0.398302023121389,0.424916400646919,0.366252406126391,0.30998446246179,0.34768519300469,0.392870935195877
P6,S52,2,200,6,0.398302023121389,0.440911044952215,0.460572567032867,0.546657773206671,0.239818331235261,0.446882147108809
P6,S53,2,300,6,0.398302023121389,0.401155263442508,0.353671047288441,0.329837050343893,0.350584887226051,0.38116812885862
P6,S54,2,400,6,0.398302023121389,0.441959571475436,0.392098231422966,0.435617504675966,0.348412538230112,0.406431171697255
P6,S55,2,500,6,0.398302023121389,0.364776604122253,0.377879357561488,0.359908097490861,0.179068745901163,0.343547475868993
P6,S56,2,600,6,0.398302023121389,0.420630417854696,0.382219234783365,0.432172297305888,0.338391309006639,0.469300190494185
P6,S57,2,700,6,0.398302023121389,0.359845920937928,0.339859706020796,0.395711416541578,0.23846472482618,0.360171283286932
P6,S58,2,800,6,0.398302023121389,0.377866420026455,0.355001262551878,0.413504076162813,0.304822405007457,0.320806429577851
P6,S59,2,900,6,0.398302023121389,0.42308843827992,0.429590993624209,0.432030890436569,0.383413670395907,0.39924154461283
P6,S60,2,1000,6,0.398302023121389,0.407841634588983,0.391611609917413,0.374455394828775,0.341767878553063,0.413960160423529
P6,S61,2,100,7,0.398302023121389,0.359738038192551,0.324371544845105,0.534988116420107,0.294556507568014,NA
P6,S62,2,200,7,0.398302023121389,0.35831000246694,0.321461907327626,0.282810395033564,0.24106816021556,0.150582961012454
P6,S63,2,300,7,0.398302023121389,0.437210799778288,0.312551124507701,0.339706009929271,0.303423191401597,0.452485804218492
P6,S64,2,400,7,0.398302023121389,0.327157360702183,0.328503413525735,0.277658764884063,0.256065324848046,0.302917109861297
P6,S65,2,500,7,0.398302023121389,0.400009231991927,0.369129396531028,0.402935148119772,0.32881077189941,0.359455650563633
P6,S66,2,600,7,0.398302023121389,0.341039716584033,0.314095518209548,0.367065806217944,0.267710444562358,0.295339848574532
P6,S67,2,700,7,0.398302023121389,0.428865891799607,0.391510867939122,0.355873473441001,0.218638873021826,0.362967527850127
P6,S68,2,800,7,0.398302023121389,0.460922845566899,0.427168887942504,0.461705871089791,0.273609716889202,0.473335530048484
P6,S69,2,900,7,0.398302023121389,0.395017434126703,0.363076840967996,0.364274653136774,0.25081780539343,0.335468709737951
P6,S70,2,1000,7,0.398302023121389,0.391692501080237,0.386311398374274,0.381684516958823,0.312817637876276,0.359482181561046
P6,S71,2,100,8,0.398302023121389,0.510258914891896,0.461573879857317,0.342134559085046,0.217449505176997,NA
P6,S72,2,200,8,0.398302023121389,0.404556287362093,0.318386856412652,0.276283429093287,0.150189507144696,NA
P6,S73,2,300,8,0.398302023121389,0.456316219384186,0.413120058567016,0.403007314936092,0.303681266156308,0.424368708313837
P6,S74,2,400,8,0.398302023121389,0.34790930142935,0.281954425908254,0.32635669104929,0.118697149123408,0.222008789851401
P6,S75,2,500,8,0.398302023121389,0.385567610507623,0.397656366860811,0.208604947269667,0.24703987042317,0.307444006984282
P6,S76,2,600,8,0.398302023121389,0.45254009755331,0.419902574538246,0.337714287245092,0.203043987173637,0.395673711636758
P6,S77,2,700,8,0.398302023121389,0.409494767667628,0.386044759886301,0.369588724314488,0.243350268109718,0.440324762464666
P6,S78,2,800,8,0.398302023121389,0.404877150686135,0.343331068442285,0.328423034631523,0.221610990718664,0.386311692341144
P6,S79,2,900,8,0.398302023121389,0.391460332811194,0.338938198038542,0.373094134615644,0.168561476413061,0.500418039321197
P6,S80,2,1000,8,0.398302023121389,0.421962828526905,0.371939166366886,0.360356848536199,0.216546272739401,0.442893936492363
P7,S1,2,100,1,0.477962427745665,0.343455375346194,0.351315990412398,0.363166971895208,0.298407439605265,0.330019947481304
P7,S2,2,200,1,0.477962427745665,0.429144868025007,0.422630395154599,0.367081617150579,0.408510048220253,0.417668753253409
P7,S3,2,300,1,0.477962427745665,0.479665600575756,0.480972258535654,0.452736885074881,0.479394221812975,0.470624317385073
P7,S4,2,400,1,0.477962427745665,0.405722970194859,0.402308375129653,0.349900007285555,0.405782376232961,0.384477842787542
P7,S5,2,500,1,0.477962427745665,0.489093660871923,0.498800821622765,0.49318767737167,0.474819923459576,0.494215085362179
P7,S6,2,600,1,0.477962427745665,0.468507937361665,0.466909638054892,0.447328997643334,0.456536361098295,0.480424799869941
P7,S7,2,700,1,0.477962427745665,0.452318645965585,0.455044366521356,0.476349273403274,0.446622203139927,0.444863657619231
P7,S8,2,800,1,0.477962427745665,0.46176829062489,0.482407396517034,0.480673905991272,0.440798040244201,0.46543438745946
P7,S9,2,900,1,0.477962427745665,0.478508669196535,0.471901546278261,0.42980649264644,0.467028361507468,0.48116297775034
P7,S10,2,1000,1,0.477962427745665,0.475287438026913,0.483102953867896,0.477379161521085,0.468768101482344,0.472617597916385
P7,S11,2,100,2,0.477962427745665,0.319028370972681,0.339525627460473,0.379083010056616,0.298654781335719,0.302864167596474
P7,S12,2,200,2,0.477962427745665,0.527215511191755,0.49995581960854,0.485889251577851,0.500907957729087,0.541198723145496
P7,S13,2,300,2,0.477962427745665,0.489178157062022,0.498523459656805,0.47054140411175,0.49317645093784,0.476493914757447
P7,S14,2,400,2,0.477962427745665,0.408557635072153,0.416656038004895,0.420505157150421,0.407366171732486,0.404413722056151
P7,S15,2,500,2,0.477962427745665,0.478309778992501,0.479295606681043,0.458119547832126,0.445667448427609,0.45175176959719
P7,S16,2,600,2,0.477962427745665,0.524514739804268,0.505871270304259,0.561039563132417,0.50581523468005,0.512841755401941
P7,S17,2,700,2,0.477962427745665,0.504481645183092,0.490231016998407,0.507498524392464,0.46346831823236,0.498092647431875
P7,S18,2,800,2,0.477962427745665,0.454448967227411,0.464282363306909,0.472470151098289,0.38690736055434,0.466097054378719
P7,S19,2,900,2,0.477962427745665,0.507785379640097,0.496138683775215,0.509588722543668,0.488852834799217,0.513870800551526
P7,S20,2,1000,2,0.477962427745665,0.435387119496051,0.445953976075716,0.451536615270073,0.431717790098224,0.434804620186127
P7,S21,2,100,3,0.477962427745665,0.381727547106984,0.442777528096753,0.363693179898214,0.323059431752267,0.359622159204014
P7,S22,2,200,3,0.477962427745665,0.441721190020379,0.453779256125936,0.436523327141468,0.388963508171827,0.410685262211875
P7,S23,2,300,3,0.477962427745665,0.500926426381786,0.471505301476592,0.457739672139422,0.427173600336849,0.466568681674734
P7,S24,2,400,3,0.477962427745665,0.484551422983958,0.465856438751887,0.559139659344365,0.441751725773709,0.498731311104872
P7,S25,2,500,3,0.477962427745665,0.482230743240541,0.497303711821933,0.431642282363353,0.418061841503367,0.449737399531364
P7,S26,2,600,3,0.477962427745665,0.47407932441838,0.481341253549473,0.504611082746269,0.451742453816521,0.464747954621001
P7,S27,2,700,3,0.477962427745665,0.466966038799196,0.466932170244017,0.481882633335472,0.432080412084808,0.4634421645595
P7,S28,2,800,3,0.477962427745665,0.500542108110646,0.476505704817456,0.462984161733855,0.423804885355834,0.516748352314633
P7,S29,2,900,3,0.477962427745665,0.446543320517679,0.449431296653029,0.400342571030319,0.422333095006422,0.465411519463438
P7,S30,2,1000,3,0.477962427745665,0.460766473742424,0.466175844146634,0.459000137470077,0.424681750832683,0.456420979105096
P7,S31,2,100,4,0.477962427745665,0.364467937392086,0.360521985905857,0.306444288484707,0.377166541251379,0.373443624176831
P7,S32,2,200,4,0.477962427745665,0.43453457935542,0.423663740466787,0.461747675195452,0.421937690707762,0.398283638847908
P7,S33,2,300,4,0.477962427745665,0.49605041149003,0.506821342767241,0.398814373371108,0.459502392262632,0.47754580508263
P7,S34,2,400,4,0.477962427745665,0.568254789497052,0.548695919016479,0.539029520670281,0.508206715203526,0.576680716808218
P7,S35,2,500,4,0.477962427745665,0.445057142494775,0.449830136122302,0.430382359543205,0.394573200417154,0.413412277858388
P7,S36,2,600,4,0.477962427745665,0.510341533465401,0.512566076061716,0.540430312090922,0.48186193051263,0.490851109208794
P7,S37,2,700,4,0.477962427745665,0.460998770198786,0.443052943547526,0.455878980497798,0.408453466567629,0.452854282076965
P7,S38,2,800,4,0.477962427745665,0.449134557085462,0.480051340753115,0.504816513025507,0.330380192054923,0.465754296653793
P7,S39,2,900,4,0.477962427745665,0.517928891095443,0.528347070202681,0.526390133703222,0.485239885811728,0.49692570663744
P7,S40,2,1000,4,0.477962427745665,0.427522433982825,0.42976892448771,0.434504866974296,0.34468359536258,0.428670284557368
P7,S41,2,100,5,0.477962427745665,0.492702124657339,0.413027400258963,0.286494176671974,0.416620850153291,0.464730482686639
P7,S42,2,200,5,0.477962427745665,0.431153875565024,0.395178483277801,0.398869352182047,0.370443123906598,0.453328430140443
P7,S43,2,300,5,0.477962427745665,0.514048983853322,0.446047872889302,0.382916945532024,0.44643007796704,0.50898059838379
P7,S44,2,400,5,0.477962427745665,0.512310377317081,0.486357001870696,0.438698029341455,0.438657432355807,0.442972577167547
P7,S45,2,500,5,0.477962427745665,0.45861048064986,0.466015056660797,0.35794166915098,0.37047425582781,0.482257335297886
P7,S46,2,600,5,0.477962427745665,0.520144987553626,0.485097601150292,0.484138785851682,0.417381576482625,0.4784993415803
P7,S47,2,700,5,0.477962427745665,0.476873946686775,0.453668461908867,0.436158051290431,0.35054596126358,0.468841228061957
P7,S48,2,800,5,0.477962427745665,0.450826633285991,0.423933657832624,0.4645615084611,0.377401007221138,0.46100712215916
P7,S49,2,900,5,0.477962427745665,0.501922266333107,0.505186418021603,0.52544863803673,0.426413557827077,0.503488728426931
P7,S50,2,1000,5,0.477962427745665,0.496847204717564,0.499771770415121,0.507123280125157,0.361080331774571,0.530556523157214
P7,S51,2,100,6,0.477962427745665,0.411416663660929,0.348932710942736,0.276498020889749,0.373327176088726,0.326448719235408
P7,S52,2,200,6,0.477962427745665,0.627727532007108,0.643002515462307,0.588678873115162,0.358742637136806,0.666967646096955
P7,S53,2,300,6,0.477962427745665,0.497990802995432,0.492306398346286,0.380428765937338,0.30980796688148,0.480209601306701
P7,S54,2,400,6,0.477962427745665,0.391115231685619,0.367057819023793,0.321825680758685,0.352008100751635,0.424088325872435
P7,S55,2,500,6,0.477962427745665,0.430995032820417,0.420646138273191,0.376767101816974,0.360043377835005,0.458079373802058
P7,S56,2,600,6,0.477962427745665,0.49235596860516,0.455736604268243,0.445012578873269,0.324063494121436,0.381500545086145
P7,S57,2,700,6,0.477962427745665,0.480225101566623,0.488656009595257,0.394085734411081,0.396558598409303,0.40230084180088
P7,S58,2,800,6,0.477962427745665,0.439925248007791,0.438746826088734,0.44521127326467,0.367347977771457,0.424581582787135
P7,S59,2,900,6,0.477962427745665,0.446143161587332,0.455413790420399,0.451246510527495,0.300465840507065,0.425521938084075
P7,S60,2,1000,6,0.477962427745665,0.48126937974485,0.432133299977462,0.417845402746787,0.384319075326424,0.493501969075115
P7,S61,2,100,7,0.477962427745665,0.560308311412477,0.539510177541262,0.269731221397665,0.479434415464296,NA
P7,S62,2,200,7,0.477962427745665,0.46017864308899,0.404500803313646,0.204881471084526,0.321483110599079,0.448096320274764
P7,S63,2,300,7,0.477962427745665,0.488173519176153,0.391282372562406,0.473183402580279,0.270664030654856,0.467928011340502
P7,S64,2,400,7,0.477962427745665,0.506465318352195,0.446798921876431,0.421018689754844,0.313735871166503,0.457922183928576
P7,S65,2,500,7,0.477962427745665,0.473590018076686,0.465377018061837,0.465995913066052,0.24177623670749,0.490446473713861
P7,S66,2,600,7,0.477962427745665,0.495555650613349,0.476074425570008,0.418855273583618,0.344511809648857,0.502564350944111
P7,S67,2,700,7,0.477962427745665,0.475639876888115,0.456670513491529,0.48220014719738,0.241956437402477,0.470292972316284
P7,S68,2,800,7,0.477962427745665,0.47231805495529,0.443792954849449,0.462542573618995,0.371590506908915,0.505705764558536
P7,S69,2,900,7,0.477962427745665,0.468408442265777,0.449113435681687,0.455783971320411,0.303051339819355,0.416850133661627
P7,S70,2,1000,7,0.477962427745665,0.471509689039814,0.449072389223515,0.495394536050051,0.257474754215011,0.401700101588249
P7,S71,2,100,8,0.477962427745665,0.572915324106885,0.516894364572472,0.283515417173712,0.422727373312967,NA
P7,S72,2,200,8,0.477962427745665,0.460782614732176,0.447014554072006,0.303814588970486,0.276211362352696,NA
P7,S73,2,300,8,0.477962427745665,0.481484312817604,0.438444390312085,0.428615714131929,0.239624270086935,0.260594547613178
P7,S74,2,400,8,0.477962427745665,0.507620679011925,0.489080391921999,0.386443991152475,0.337231034898166,0.435765137543098
P7,S75,2,500,8,0.477962427745665,0.497697378821184,0.401535279492116,0.401755447000344,0.241228205947194,0.538010210938683
P7,S76,2,600,8,0.477962427745665,0.437974567318228,0.394050737795419,0.355715701563164,0.26917928408618,0.405789492144196
P7,S77,2,700,8,0.477962427745665,0.503532973379204,0.453896422648174,0.485026940594282,0.301747166310799,0.453461270334201
P7,S78,2,800,8,0.477962427745665,0.489527803980354,0.425155776827765,0.395874320914217,0.281569676547669,0.511902997793599
P7,S79,2,900,8,0.477962427745665,0.479190178671738,0.409193851262237,0.420350450407117,0.263147653081634,0.567648708886336
P7,S80,2,1000,8,0.477962427745665,0.507045354016778,0.4042958062743,0.409248598868908,0.357097783823886,0.515177345313734
P8,S1,2,100,1,0.557622832369942,0.466591745093354,0.4837924210858,0.519014139284746,0.47807192478547,0.421263077296021
P8,S2,2,200,1,0.557622832369942,0.583918801556161,0.602257295391484,0.567347771811906,0.588774153233358,0.579013343185665
P8,S3,2,300,1,0.557622832369942,0.574855832087629,0.577388025549274,0.528772488271521,0.578257063370234,0.580582303392073
P8,S4,2,400,1,0.557622832369942,0.529698739919095,0.530287747847496,0.554842362238709,0.535390538223832,0.504387366066375
P8,S5,2,500,1,0.557622832369942,0.546333860898473,0.561008063315181,0.512156712292046,0.53252970706745,0.553593817240698
P8,S6,2,600,1,0.557622832369942,0.518624928434159,0.503424260795528,0.606764478123731,0.505018392412224,0.511873545872244
P8,S7,2,700,1,0.557622832369942,0.568497778783291,0.566667697650021,0.586749530522061,0.559535991297285,0.573728860110734
P8,S8,2,800,1,0.557622832369942,0.546131807401839,0.546766960011817,0.521293082853168,0.523941856198359,0.551298221786081
P8,S9,2,900,1,0.557622832369942,0.548905825339378,0.539044767404952,0.563088035851732,0.532377542191866,0.550957211202098
P8,S10,2,1000,1,0.557622832369942,0.571899448097698,0.564531909289322,0.594697200718876,0.571452500014511,0.580880316728725
P8,S11,2,100,2,0.557622832369942,0.575292339938933,0.576859497576753,0.628459274548149,0.541659318607286,0.54437912849493
P8,S12,2,200,2,0.557622832369942,0.577628291262562,0.561524237849611,0.506863725395319,0.579801571067072,0.577624045775293
P8,S13,2,300,2,0.557622832369942,0.52407141588176,0.519727628350221,0.499641018354145,0.500162631529489,0.502182090374634
P8,S14,2,400,2,0.557622832369942,0.538483091385599,0.515651472815502,0.508496439146213,0.525168985328842,0.532474341344615
P8,S15,2,500,2,0.557622832369942,0.537331968698478,0.543603356538901,0.499504866875465,0.515288749038669,0.532538007067929
P8,S16,2,600,2,0.557622832369942,0.593800373665368,0.588440542703213,0.624401085552655,0.569487784331432,0.580423114000665
P8,S17,2,700,2,0.557622832369942,0.553653138136031,0.568856742986463,0.549049438641536,0.51570609108041,0.550293275219861
P8,S18,2,800,2,0.557622832369942,0.526467712125631,0.517040234354012,0.550628691797181,0.487062931722858,0.540094880401032
P8,S19,2,900,2,0.557622832369942,0.531607469493569,0.53565321305798,0.523229784865533,0.508360054209515,0.515235241881424
P8,S20,2,1000,2,0.557622832369942,0.599345839369076,0.594298015431016,0.63691379227569,0.59723825068675,0.588127223058336
P8,S21,2,100,3,0.557622832369942,0.525824872860326,0.499549220909215,0.469731492708525,0.49416450166649,0.516008688527833
P8,S22,2,200,3,0.557622832369942,0.556231734558053,0.555022667968829,0.594736136035403,0.506370916005649,0.533181457219451
P8,S23,2,300,3,0.557622832369942,0.578935809294474,0.646618028550481,0.614136000188399,0.524768000416775,0.576226826403379
P8,S24,2,400,3,0.557622832369942,0.578318504383032,0.559216970169892,0.570027101621124,0.537034629401418,0.572296576258176
P8,S25,2,500,3,0.557622832369942,0.52541825483971,0.511054041234854,0.504174549380008,0.484727368923875,0.527547228002217
P8,S26,2,600,3,0.557622832369942,0.547187134600644,0.537718706435919,0.483641045022655,0.509244708890787,0.527234347229069
P8,S27,2,700,3,0.557622832369942,0.590363281243773,0.582724409200341,0.57122150302408,0.546278262013508,0.595213686460527
P8,S28,2,800,3,0.557622832369942,0.575278537324474,0.58872149327625,0.640396417640981,0.529009406484902,0.565238814733021
P8,S29,2,900,3,0.557622832369942,0.534448913818498,0.543643256887997,0.573459162450138,0.508863925733979,0.528063745573921
P8,S30,2,1000,3,0.557622832369942,0.554198279771185,0.552244988291656,0.562655482282774,0.480599647162242,0.533497580121702
P8,S31,2,100,4,0.557622832369942,0.583502920180898,0.570874935962649,0.476486676931084,0.48660481522555,0.587308772394681
P8,S32,2,200,4,0.557622832369942,0.490659262740704,0.468198727866756,0.460936922901653,0.432471690043734,0.45644362552419
P8,S33,2,300,4,0.557622832369942,0.587453862648455,0.621720375991122,0.647852394548006,0.521856360871775,0.59031183806989
P8,S34,2,400,4,0.557622832369942,0.578455438194874,0.615151386922181,0.5686888413124,0.533078171315743,0.588187401685594
P8,S35,2,500,4,0.557622832369942,0.516742887434517,0.488672767151241,0.467264566389143,0.495783675516249,0.517088923627136
P8,S36,2,600,4,0.557622832369942,0.547621841582057,0.539279679350636,0.542548737835497,0.477913080300002,0.525063239924802
P8,S37,2,700,4,0.557622832369942,0.588544801510127,0.590980480503821,0.561042317509828,0.559360349486467,0.585988328459275
P8,S38,2,800,4,0.557622832369942,0.54855192609871,0.553105458416918,0.589682163174367,0.518542652026559,0.514973037983012
P8,S39,2,900,4,0.557622832369942,0.563084676575439,0.563130541057425,0.52601708886949,0.465501997232156,0.544840729810327
P8,S40,2,1000,4,0.557622832369942,0.524292611903988,0.518071198406429,0.484079872584754,0.487588934596213,0.505506743546309
P8,S41,2,100,5,0.557622832369942,0.562465590523761,0.589766433598336,0.59756722637578,0.508535512115443,0.507982586817957
P8,S42,2,200,5,0.557622832369942,0.562972530630229,0.570198132763582,0.600351246756266,0.414033821550696,0.491565206894038
P8,S43,2,300,5,0.557622832369942,0.615578309661352,0.609998126323199,0.692243431008572,0.538856633656054,0.613114860025676
P8,S44,2,400,5,0.557622832369942,0.624098564986785,0.615599085362184,0.58815622074464,0.534847063204451,0.590219259231059
P8,S45,2,500,5,0.557622832369942,0.564819120704415,0.556276206642514,0.569172961381332,0.483913035691134,0.58365245825403
P8,S46,2,600,5,0.557622832369942,0.533119599716824,0.535294448014425,0.541906686123003,0.421554134253961,0.531791011305862
P8,S47,2,700,5,0.557622832369942,0.592263667197741,0.566807657207525,0.561645353786544,0.493318820053961,0.599375452793282
P8,S48,2,800,5,0.557622832369942,0.610654549746739,0.595657955336655,0.609525264106324,0.512963532768294,0.608139120976964
P8,S49,2,900,5,0.557622832369942,0.545808972061267,0.559516801750807,0.548414531457053,0.447582875823761,0.556747377050352
P8,S50,2,1000,5,0.557622832369942,0.558828612185371,0.557936092465131,0.50595472170964,0.463869265036415,0.536866491345619
P8,S51,2,100,6,0.557622832369942,0.623329371946668,0.637448827681821,0.41964171083245,0.428074944041393,0.560850306591761
P8,S52,2,200,6,0.557622832369942,0.464113851988445,0.503643216532168,0.396462346733875,0.27703937832419,0.424826885835285
P8,S53,2,300,6,0.557622832369942,0.651592594354777,0.621609470038814,0.573594223869636,0.497480664349768,0.573858995642716
P8,S54,2,400,6,0.557622832369942,0.550102828273469,0.527466527749355,0.529510916984347,0.387272118085185,0.499381526513193
P8,S55,2,500,6,0.557622832369942,0.593934071974097,0.571561750550026,0.580055692382811,0.418376699729159,0.537258253166382
P8,S56,2,600,6,0.557622832369942,0.532625623291007,0.532998427693558,0.511907559277143,0.292398396901419,0.53922488312312
P8,S57,2,700,6,0.557622832369942,0.53301362391074,0.540203841937215,0.524324986500358,0.359124400911648,0.534403934646619
P8,S58,2,800,6,0.557622832369942,0.580477882090034,0.571495824090269,0.597090181847609,0.427825364925037,0.617354712362098
P8,S59,2,900,6,0.557622832369942,0.518680901565719,0.489290262407475,0.472987118634136,0.3664305172827,0.575876236415447
P8,S60,2,1000,6,0.557622832369942,0.55076783411791,0.532245532095071,0.523549132426066,0.390196733518103,0.537675768006052
P8,S61,2,100,7,0.557622832369942,0.401701243184997,0.471462432852378,0.265124326588863,0.271384071277823,NA
P8,S62,2,200,7,0.557622832369942,0.579105018152636,0.487270972838269,0.492968621684534,0.270896812795544,0.556147233596161
P8,S63,2,300,7,0.557622832369942,0.521323954907501,0.48503523586601,0.462081599158473,0.412482356472914,0.41810077674356
P8,S64,2,400,7,0.557622832369942,0.512777601156092,0.48302655736775,0.497822829372988,0.345646799334409,0.403657964954897
P8,S65,2,500,7,0.557622832369942,0.546475236006088,0.529339615966989,0.517007920589762,0.298928618142785,0.492420148654301
P8,S66,2,600,7,0.557622832369942,0.52507342812574,0.504215997234632,0.454809314508819,0.351461207386403,0.518257955578854
P8,S67,2,700,7,0.557622832369942,0.547405090299094,0.463686279062581,0.473642005419903,0.375137774224346,0.471623944464752
P8,S68,2,800,7,0.557622832369942,0.543814064161204,0.490779389995742,0.515456880806056,0.33117182713295,0.495308441518686
P8,S69,2,900,7,0.557622832369942,0.536489826276407,0.515352299915363,0.48655889365196,0.430284419925513,0.444362160307752
P8,S70,2,1000,7,0.557622832369942,0.565604687491272,0.524746001481855,0.527554548448548,0.26264383161267,0.561937532413736
P8,S71,2,100,8,0.557622832369942,0.621922316034442,0.46149451725149,0.409211023764707,0.429136027565997,NA
P8,S72,2,200,8,0.557622832369942,0.50025653735754,0.38885103348209,0.479525373422407,0.253703100403154,NA
P8,S73,2,300,8,0.557622832369942,0.546800196821864,0.441792221556641,0.388072794803297,0.107775282942496,0.331294005181619
P8,S74,2,400,8,0.557622832369942,0.581817465476795,0.496667755504843,0.523987480275531,0.200509315185255,0.444274545039296
P8,S75,2,500,8,0.557622832369942,0.533570420045075,0.437689929579794,0.388500586553352,0.349100005166772,0.591519285841033
P8,S76,2,600,8,0.557622832369942,0.569985313832107,0.492624065680071,0.376136323330082,0.378703811920793,0.583981202683289
P8,S77,2,700,8,0.557622832369942,0.49021432517735,0.447365329349066,0.412134219159949,0.166955574340469,0.522496388312885
P8,S78,2,800,8,0.557622832369942,0.513959979368627,0.428463722022829,0.468352129217778,0.279269197051209,0.541537811251728
P8,S79,2,900,8,0.557622832369942,0.546018187537949,0.497173628855733,0.483478375193871,0.2935352779457,0.544014015223569
P8,S80,2,1000,8,0.557622832369942,0.532532211423765,0.440941754205423,0.431701867062334,0.352863038101853,0.583129987618059
